<?xml version="1.0" encoding="UTF-8"?>
<project-private xmlns="http://www.netbeans.org/ns/project-private/1">
    <editor-bookmarks xmlns="http://www.netbeans.org/ns/editor-bookmarks/2" lastBookmarkId="0"/>
    <open-files xmlns="http://www.netbeans.org/ns/projectui-open-files/2">
        <group>
            <file>file:/C:/Users/ashva/OneDrive/Documentos/NetBeansProjects/EleccionesEstudiantes/src/Datos/Urna.java</file>
            <file>file:/C:/Users/ashva/OneDrive/Documentos/NetBeansProjects/EleccionesEstudiantes/src/Datos/Candidato.java</file>
            <file>file:/C:/Users/ashva/OneDrive/Documentos/NetBeansProjects/EleccionesEstudiantes/src/Interfaz/PanelCandidato.java</file>
            <file>file:/C:/Users/ashva/OneDrive/Documentos/NetBeansProjects/EleccionesEstudiantes/src/Interfaz/DialogoEstadisticasGenerales.java</file>
            <file>file:/C:/Users/ashva/OneDrive/Documentos/NetBeansProjects/EleccionesEstudiantes/src/Interfaz/PanelImagen.java</file>
            <file>file:/C:/Users/ashva/OneDrive/Documentos/NetBeansProjects/EleccionesEstudiantes/src/Interfaz/DialogoVotar.java</file>
            <file>file:/C:/Users/ashva/OneDrive/Documentos/NetBeansProjects/EleccionesEstudiantes/src/Interfaz/DialogoEstadisticasCandidatos.java</file>
            <file>file:/C:/Users/ashva/OneDrive/Documentos/NetBeansProjects/EleccionesEstudiantes/src/Interfaz/InterfazElecciones.java</file>
            <file>file:/C:/Users/ashva/OneDrive/Documentos/NetBeansProjects/EleccionesEstudiantes/src/Datos/VotosRangoEdad.java</file>
            <file>file:/C:/Users/ashva/OneDrive/Documentos/NetBeansProjects/EleccionesEstudiantes/src/Interfaz/PanelOpciones.java</file>
        </group>
    </open-files>
</project-private>
